"id","education","experience","major","gender","country","salary"
1,"Masters",2,"Biology","Others","USA","$40k - $60k"
2,"Bachelors",6,"Others","Man","Others","Less than $20,000"
3,"Masters",7,"Mathematics","Man","USA","$120k - $140k"
4,"Bachelors",5,"English","Man","USA","$100k - $120k"
5,"Bachelors",5,"English","Man","USA","$100k - $120k"
6,"Others",0,"Others","Man","USA","$80k - $100k"
7,"Bachelors",8,"Others","Man","USA","$100k - $120k"
8,"PhD",25,"Engineering","Man","Others","$20k - $40k"
9,"Masters",8,"Philosophy","Man","USA","$100k - $120k"
10,"Others",4,"Others","Man","USA","$140k - $160k"
11,"Others",0,"Others","Man","USA","Others"
12,"Masters",15,"Music","Man","USA","$200k+"
13,"PhD",3,"Others","Man","USA","$60k - $80k"
14,"PhD",5,"Business","Man","Australia","$140k - $160k"
15,"Masters",20,"Others","Man","USA","Others"
16,"Bachelors",1,"Others","Man","Others","Less than $20,000"
17,"Bachelors",11,"Business Administration","Man","USA","$120k - $140k"
18,"Masters",0,"Biology","Man","USA","$60k - $80k"
19,"Masters",8,"Political science","Man","USA","$100k - $120k"
20,"Bachelors",15,"English","Man","USA","$60k - $80k"
21,"Bachelors",3,"Business Administration","Man","Others","$20k - $40k"
22,"Masters",4,"Biology","Man","USA","$20k - $40k"
23,"PhD",10,"Others","Man","Spain","$40k - $60k"
24,"Masters",5,"Others","Man","Canada","$80k - $100k"
25,"Masters",10,"Others","Man","USA","$100k - $120k"
26,"Masters",0,"Others","Man","Others","$200k+"
27,"Others",7,"Others","Man","USA","$20k - $40k"
28,"Masters",2,"Economics","Man","USA","$80k - $100k"
29,"Bachelors",2,"Others","Man","USA","$40k - $60k"
30,"Masters",8,"Others","Man","USA","Others"
31,"Masters",3,"Others","Man","Others","Less than $20,000"
32,"Bachelors",1,"Others","Man","United Kingdom","$20k - $40k"
33,"Bachelors",1,"Others","Man","USA","$40k - $60k"
34,"Bachelors",2,"Others","Man","Others","$20k - $40k"
35,"Others",3,"Others","Man","Others","$40k - $60k"
36,"Others",5,"Others","Man","India","Less than $20,000"
37,"Masters",4,"Others","Man","USA","$80k - $100k"
38,"Bachelors",4,"Others","Man","USA","$80k - $100k"
39,"Bachelors",5,"Others","Man","United Kingdom","$40k - $60k"
40,"Bachelors",6,"Others","Man","USA","$200k+"
41,"Masters",2,"Others","Man","USA","$100k - $120k"
42,"Bachelors",4,"Others","Man","USA","$100k - $120k"
43,"Masters",4,"Others","Man","United Kingdom","$60k - $80k"
44,"Bachelors",2,"Music","Man","United Kingdom","$40k - $60k"
45,"Bachelors",7,"Others","Man","USA","$120k - $140k"
46,"Masters",10,"Others","Man","USA","$120k - $140k"
47,"Bachelors",10,"Economics","Man","USA","$80k - $100k"
48,"Bachelors",1,"Others","Man","Argentina","Less than $20,000"
49,"PhD",0,"Others","Man","Others","$20k - $40k"
50,"Bachelors",6,"Others","Man","USA","$100k - $120k"
51,"PhD",0,"Others","Man","USA","$100k - $120k"
52,"PhD",8,"Others","Man","USA","$100k - $120k"
53,"PhD",2,"Mathematics","Man","USA","$40k - $60k"
54,"PhD",15,"Others","Man","USA","$100k - $120k"
55,"PhD",5,"Others","Man","USA","$80k - $100k"
56,"PhD",6,"Others","Man","USA","$60k - $80k"
57,"PhD",0,"Others","Man","Others","$140k - $160k"
58,"Masters",5,"Others","Man","Spain","Less than $20,000"
59,"Others",3,"Others","Man","United Kingdom","$40k - $60k"
60,"Masters",3,"Others","Man","USA","$100k - $120k"
61,"Bachelors",1,"Others","Man","USA","$200k+"
62,"Masters",1,"Others","Man","USA","$60k - $80k"
63,"Masters",3,"Others","Man","USA","$60k - $80k"
64,"Masters",0.5,"Others","Man","India","$20k - $40k"
65,"PhD",15,"Others","Man","USA","$100k - $120k"
66,"PhD",5,"Others","Man","Australia","$120k - $140k"
67,"PhD",10,"Others","Man","France","$80k - $100k"
68,"PhD",20,"Others","Man","USA","$100k - $120k"
69,"Bachelors",5,"Others","Man","India","Others"
70,"Bachelors",0,"Advertising","Man","USA","$120k - $140k"
71,"Masters",4,"Physics","Man","Others","$120k - $140k"
72,"Bachelors",0,"Others","Man","India","$80k - $100k"
73,"Masters",4,"Others","Man","India","$60k - $80k"
74,"Others",7,"Others","Man","Others","$80k - $100k"
75,"Masters",1,"Business","Man","Canada","$60k - $80k"
76,"Others",3,"Others","Man","Germany","$40k - $60k"
77,"Masters",3,"Others","Man","USA","$60k - $80k"
78,"Others",19,"Others","Man","Germany","$100k - $120k"
79,"Bachelors",12,"Others","Man","Australia","$180k - $200k"
80,"PhD",2,"Biology","Man","Italy","Less than $20,000"
81,"Masters",10,"Others","Man","USA","$120k - $140k"
82,"Bachelors",3,"Others","Man","Others","$20k - $40k"
83,"Masters",3,"Business Administration","Man","USA","$60k - $80k"
84,"Masters",1,"Others","Man","USA","$60k - $80k"
85,"Others",3,"Others","Man","USA","$40k - $60k"
86,"Masters",1,"Others","Man","Others","$60k - $80k"
87,"Masters",3,"Others","Man","United Kingdom","$20k - $40k"
88,"Masters",6,"Others","Man","USA","$180k - $200k"
89,"Bachelors",13,"Others","Man","Mexico","$20k - $40k"
90,"Others",8,"Others","Man","USA","$100k - $120k"
91,"Bachelors",12,"Others","Man","Brazil","$20k - $40k"
92,"Others",2,"Others","Man","Others","$60k - $80k"
93,"Bachelors",3,"Economics","Man","USA","$40k - $60k"
94,"Bachelors",2,"Others","Man","USA","$40k - $60k"
95,"Masters",6,"Others","Man","Others","$80k - $100k"
96,"Masters",13,"Others","Man","India","$100k - $120k"
97,"Others",10,"Mathematics","Man","USA","$60k - $80k"
98,"Bachelors",1,"Others","Man","USA","$40k - $60k"
99,"Bachelors",0.5,"Economics","Man","USA","$40k - $60k"
100,"Masters",0.5,"Others","Man","Germany","$60k - $80k"
101,"Bachelors",7,"Others","Man","USA","$120k - $140k"
102,"Bachelors",0,"Others","Man","United Kingdom","$80k - $100k"
103,"Others",10,"Others","Man","United Kingdom","$40k - $60k"
104,"Masters",4,"Others","Man","Others","$120k - $140k"
105,"Others",15,"Others","Man","United Kingdom","$80k - $100k"
106,"PhD",5,"Others","Man","USA","$100k - $120k"
107,"Masters",3,"Others","Man","Brazil","$80k - $100k"
108,"Bachelors",24,"Others","Man","USA","$200k+"
109,"Masters",12,"Engineering","Man","USA","$200k+"
110,"Masters",0,"Others","Man","Others","Others"
111,"PhD",5,"Others","Man","USA","$80k - $100k"
112,"Bachelors",1,"Others","Man","India","$20k - $40k"
113,"Masters",10,"Others","Man","USA","$120k - $140k"
114,"Bachelors",6,"Others","Man","USA","$60k - $80k"
115,"PhD",12,"Others","Man","Others","$100k - $120k"
116,"PhD",0,"Others","Man","USA","$120k - $140k"
117,"Bachelors",1,"Others","Man","India","Less than $20,000"
118,"PhD",15,"Others","Man","United Kingdom","$100k - $120k"
119,"Masters",10,"Others","Man","USA","$180k - $200k"
120,"Bachelors",6,"Others","Man","United Kingdom","$40k - $60k"
121,"Bachelors",6,"Industrial Design","Man","Brazil","$80k - $100k"
122,"Bachelors",7,"Others","Man","Italy","$20k - $40k"
123,"Bachelors",5,"Illustration","Man","Others","$120k - $140k"
124,"Masters",6,"Others","Man","France","$20k - $40k"
125,"Bachelors",17,"Economics","Man","USA","$200k+"
126,"Masters",2,"Others","Man","Argentina","Less than $20,000"
127,"Others",3,"Others","Man","United Kingdom","$60k - $80k"
128,"Masters",3,"Others","Man","United Kingdom","$100k - $120k"
129,"Masters",2,"Others","Man","USA","$100k - $120k"
130,"Masters",3,"English","Man","United Kingdom","$60k - $80k"
131,"Bachelors",2,"Others","Man","USA","$40k - $60k"
132,"Others",2,"Others","Man","United Kingdom","Less than $20,000"
133,"Masters",1,"Mathematics","Man","USA","$60k - $80k"
134,"Others",7,"Others","Man","USA","$140k - $160k"
135,"Others",2,"Others","Man","Mexico","Less than $20,000"
136,"Bachelors",2,"Others","Man","USA","$40k - $60k"
137,"Bachelors",2,"Others","Man","USA","$60k - $80k"
138,"Bachelors",2,"Economics","Man","Others","$20k - $40k"
139,"Bachelors",2,"Others","Man","USA","$40k - $60k"
140,"Bachelors",5,"Political science","Man","USA","$60k - $80k"
141,"Bachelors",2,"Others","Man","USA","$80k - $100k"
142,"Masters",3,"Others","Man","Canada","$40k - $60k"
143,"Masters",3,"Others","Man","Spain","$40k - $60k"
144,"Others",2,"Others","Man","United Kingdom","$40k - $60k"
145,"Masters",0,"Others","Man","India","$40k - $60k"
146,"Masters",5,"English","Man","USA","$80k - $100k"
147,"Masters",0,"Others","Man","USA","$40k - $60k"
148,"Others",2,"Others","Man","USA","$40k - $60k"
149,"PhD",0,"Engineering","Man","USA","$120k - $140k"
150,"Bachelors",10,"Others","Man","Canada","$100k - $120k"
151,"Masters",10,"Economics","Man","USA","$100k - $120k"
152,"Bachelors",4,"Others","Man","USA","$60k - $80k"
153,"Bachelors",10,"Others","Man","Others","$60k - $80k"
154,"Bachelors",20,"Others","Man","Canada","$100k - $120k"
155,"Bachelors",3,"Others","Man","USA","$40k - $60k"
156,"Masters",15,"Others","Man","USA","$100k - $120k"
157,"PhD",10,"Others","Man","Brazil","$100k - $120k"
158,"Bachelors",4,"Others","Man","Spain","$20k - $40k"
159,"PhD",14,"Others","Man","Others","$80k - $100k"
160,"Others",0,"Others","Man","Others","Less than $20,000"
161,"Bachelors",0,"Mathematics","Man","USA","$140k - $160k"
162,"Masters",4,"Biology","Man","USA","$80k - $100k"
163,"Masters",9,"Others","Man","Brazil","Less than $20,000"
164,"Masters",2,"Others","Man","Mexico","Less than $20,000"
165,"Bachelors",5,"English","Man","Canada","$60k - $80k"
166,"Masters",3,"Others","Man","Others","Less than $20,000"
167,"Masters",4,"Others","Man","Others","$40k - $60k"
168,"Masters",4,"Others","Man","USA","$60k - $80k"
169,"Bachelors",1,"Others","Man","Others","Less than $20,000"
170,"Masters",11,"Others","Man","USA","$200k+"
171,"Masters",4,"Others","Man","Others","$60k - $80k"
172,"Others",2,"Mathematics","Man","USA","$140k - $160k"
173,"PhD",5,"Others","Man","USA","$20k - $40k"
174,"PhD",10,"Others","Man","USA","$200k+"
175,"Masters",3,"Mathematics","Man","United Kingdom","$60k - $80k"
176,"Masters",15,"Economics","Man","Others","$60k - $80k"
177,"Masters",5,"Others","Man","USA","$80k - $100k"
178,"Masters",4,"Others","Man","USA","Others"
179,"Masters",4,"Others","Man","Others","Less than $20,000"
180,"PhD",4,"Others","Man","France","$80k - $100k"
181,"Masters",2,"Physics","Man","United Kingdom","$40k - $60k"
182,"Masters",7,"Biology","Man","Canada","$40k - $60k"
183,"PhD",6,"Others","Man","Mexico","Less than $20,000"
184,"PhD",1,"Physics","Man","Others","$80k - $100k"
185,"Masters",2,"Others","Man","USA","$60k - $80k"
186,"Masters",2,"Others","Man","Germany","Others"
187,"PhD",5,"Others","Man","Mexico","$100k - $120k"
188,"Masters",5,"Others","Man","USA","$160k - $180k"
189,"PhD",4,"Others","Man","Canada","$80k - $100k"
190,"Bachelors",0,"Others","Man","Others","Others"
191,"Masters",3,"Others","Man","United Kingdom","$60k - $80k"
192,"Masters",10,"Mathematics","Man","USA","$100k - $120k"
193,"Masters",2,"Others","Man","Netherlands","$20k - $40k"
194,"Masters",5,"Others","Man","USA","$200k+"
195,"Bachelors",0,"Philosophy","Man","USA","$100k - $120k"
196,"PhD",2,"Others","Man","USA","$80k - $100k"
197,"Masters",3,"Others","Man","France","$40k - $60k"
198,"Bachelors",1,"Others","Man","Mexico","Less than $20,000"
199,"Masters",2,"Others","Man","USA","$180k - $200k"
200,"Others",3,"Others","Man","Others","$20k - $40k"
201,"Others",10,"Business","Man","USA","$120k - $140k"
202,"Bachelors",3,"Others","Man","India","Less than $20,000"
203,"Masters",0,"Others","Man","Others","$20k - $40k"
204,"Masters",2,"Others","Man","Mexico","$20k - $40k"
205,"Masters",6,"Mathematics","Man","USA","$80k - $100k"
206,"Bachelors",6,"Mathematics","Man","USA","$160k - $180k"
207,"Masters",0,"Others","Man","Others","$20k - $40k"
208,"PhD",9,"Others","Man","Others","$160k - $180k"
209,"Others",0,"Others","Man","Brazil","Less than $20,000"
210,"Bachelors",13,"Others","Man","USA","$120k - $140k"
211,"Bachelors",5,"Others","Man","United Kingdom","$40k - $60k"
212,"Bachelors",1,"Others","Man","United Kingdom","$40k - $60k"
213,"Masters",1,"Others","Man","India","$20k - $40k"
214,"Masters",3,"Others","Man","France","$40k - $60k"
215,"Bachelors",0,"Others","Man","United Kingdom","$80k - $100k"
216,"Masters",1,"Others","Man","Others","$40k - $60k"
217,"Masters",2,"Physics","Man","United Kingdom","$40k - $60k"
218,"Bachelors",5,"Others","Man","India","Less than $20,000"
219,"Masters",6,"Others","Man","USA","$60k - $80k"
220,"Bachelors",2,"Economics","Man","USA","$60k - $80k"
221,"Others",12,"Others","Man","USA","$140k - $160k"
222,"Masters",2,"Others","Man","Italy","$20k - $40k"
223,"Others",1,"Others","Man","USA","$120k - $140k"
224,"PhD",7,"Others","Man","USA","$140k - $160k"
225,"Masters",3,"Others","Man","Colombia","$20k - $40k"
226,"Masters",2,"Others","Man","Italy","$20k - $40k"
227,"Masters",4,"Others","Man","France","$40k - $60k"
228,"Bachelors",6,"Others","Man","USA","$80k - $100k"
229,"Bachelors",10,"Others","Man","USA","$40k - $60k"
230,"Masters",0,"Biology","Man","USA","$60k - $80k"
231,"Bachelors",3,"Others","Man","Canada","$60k - $80k"
232,"Masters",7,"Others","Man","Netherlands","$40k - $60k"
233,"Bachelors",1,"Data Science","Man","USA","Less than $20,000"
234,"Bachelors",8,"Playwrighting","Man","USA","$160k - $180k"
235,"Bachelors",3,"Others","Man","USA","$80k - $100k"
236,"Masters",2,"Psychology; Sculpture","Man","USA","$80k - $100k"
237,"Bachelors",6,"Art","Man","USA","$120k - $140k"
238,"Bachelors",2,"Others","Man","Others","$20k - $40k"
239,"Bachelors",2,"Others","Man","USA","$40k - $60k"
240,"Masters",8,"Others","Man","Others","$40k - $60k"
241,"Bachelors",7,"Others","Man","USA","$140k - $160k"
242,"Masters",12,"Others","Man","USA","$160k - $180k"
243,"Bachelors",4,"Others","Man","USA","$60k - $80k"
244,"Masters",0,"Others","Man","Others","$100k - $120k"
245,"Masters",20,"Others","Man","Others","$20k - $40k"
246,"Masters",2,"Others","Man","Brazil","$40k - $60k"
247,"Masters",7,"Others","Man","Italy","$40k - $60k"
248,"Masters",1,"Others","Man","Others","$20k - $40k"
249,"Others",10,"Others","Man","Others","$80k - $100k"
250,"Masters",0,"Physics","Man","Germany","$40k - $60k"
251,"Masters",6,"Others","Man","USA","$120k - $140k"
252,"Bachelors",2,"Others","Man","United Kingdom","$60k - $80k"
253,"Masters",2.5,"Engineering","Man","India","$20k - $40k"
254,"PhD",20,"Others","Man","USA","$180k - $200k"
255,"PhD",10,"Others","Man","USA","$80k - $100k"
256,"Masters",8,"Others","Man","USA","$100k - $120k"
257,"Others",5,"Others","Man","USA","$140k - $160k"
258,"Others",5,"Others","Man","USA","$200k+"
259,"Masters",15,"Others","Man","USA","$120k - $140k"
260,"Masters",5,"Economics","Man","USA","$100k - $120k"
261,"PhD",15,"Others","Man","USA","$100k - $120k"
262,"Bachelors",3,"Others","Man","USA","$200k+"
263,"PhD",2,"Others","Man","USA","$100k - $120k"
264,"Masters",5,"Biology","Man","USA","$180k - $200k"
265,"Bachelors",8,"Others","Man","Canada","$120k - $140k"
266,"PhD",15,"Others","Man","USA","$120k - $140k"
267,"Bachelors",5,"Others","Man","USA","$120k - $140k"
268,"Bachelors",1,"Others","Man","USA","Less than $20,000"
269,"PhD",25,"Biology","Man","USA","$140k - $160k"
270,"Masters",2,"Economics","Man","United Kingdom","$40k - $60k"
271,"Masters",1,"Others","Man","Canada","$40k - $60k"
272,"Bachelors",3,"Others","Man","USA","$180k - $200k"
273,"Masters",1,"Others","Man","Others","$20k - $40k"
274,"Bachelors",30,"Others","Man","USA","$200k+"
275,"Others",2,"Others","Man","USA","$80k - $100k"
276,"Bachelors",0.5,"Data Science","Man","USA","$20k - $40k"
277,"Bachelors",5,"Others","Man","Netherlands","$80k - $100k"
278,"Masters",4,"Others","Man","Others","$100k - $120k"
279,"Others",8,"Others","Man","USA","$40k - $60k"
280,"Masters",25,"Biology","Man","USA","$60k - $80k"
281,"Bachelors",6,"Others","Man","Others","$40k - $60k"
282,"Bachelors",2,"Others","Man","Australia","$60k - $80k"
283,"Bachelors",10,"Others","Man","USA","$80k - $100k"
284,"Bachelors",14,"Business","Man","USA","$80k - $100k"
285,"Bachelors",2,"Others","Man","Others","Less than $20,000"
286,"Masters",2,"Others","Man","USA","$80k - $100k"
287,"Bachelors",8,"Economics","Man","Australia","$200k+"
288,"Masters",20,"Others","Man","Others","Others"
289,"Masters",4,"Others","Man","USA","$60k - $80k"
290,"Bachelors",0,"Economics","Man","USA","$80k - $100k"
291,"Masters",2,"Others","Man","Others","$60k - $80k"
292,"Bachelors",5,"Others","Man","Italy","$20k - $40k"
293,"Masters",2,"Others","Man","Netherlands","$80k - $100k"
294,"Bachelors",2,"Others","Man","USA","$60k - $80k"
295,"Others",5,"Others","Man","USA","$140k - $160k"
296,"Bachelors",3,"Music","Man","USA","$60k - $80k"
297,"Masters",6,"Others","Man","USA","$60k - $80k"
298,"PhD",5,"Others","Man","USA","$60k - $80k"
299,"Masters",10,"Others","Man","USA","$100k - $120k"
300,"PhD",2,"Others","Man","Canada","$20k - $40k"
301,"Bachelors",2,"Others","Man","USA","$20k - $40k"
302,"Masters",2,"Others","Man","USA","$20k - $40k"
303,"Bachelors",3,"Others","Man","USA","$20k - $40k"
304,"Masters",5,"Physics","Man","USA","$20k - $40k"
305,"Masters",2,"Others","Man","USA","$20k - $40k"
306,"Masters",7,"Physics","Man","USA","$20k - $40k"
307,"Bachelors",1,"Others","Man","Colombia","Less than $20,000"
308,"Bachelors",6,"Others","Man","United Kingdom","$60k - $80k"
309,"Masters",5,"Others","Man","United Kingdom","Others"
310,"Masters",3,"Others","Man","USA","$40k - $60k"
311,"PhD",5,"Others","Man","USA","$180k - $200k"
312,"Bachelors",3,"Mathematics","Man","United Kingdom","$100k - $120k"
313,"Bachelors",20,"Economics","Man","United Kingdom","$120k - $140k"
314,"PhD",5,"Others","Man","France","$100k - $120k"
315,"PhD",4,"Others","Man","France","$160k - $180k"
316,"Bachelors",15,"Others","Man","Others","$20k - $40k"
317,"Bachelors",2,"Economics","Man","Mexico","$40k - $60k"
318,"PhD",0,"Others","Man","France","$100k - $120k"
319,"Masters",6,"Others","Man","USA","$80k - $100k"
320,"Masters",1,"Others","Man","United Kingdom","$40k - $60k"
321,"Bachelors",3,"Others","Man","Others","$40k - $60k"
322,"Bachelors",3,"Others","Man","USA","$60k - $80k"
323,"Bachelors",1,"Others","Man","United Kingdom","$20k - $40k"
324,"Bachelors",5,"Others","Man","USA","$80k - $100k"
325,"Bachelors",6,"Others","Man","Canada","$60k - $80k"
326,"Bachelors",0,"Others","Man","Others","Others"
327,"Masters",0,"Others","Man","Spain","$40k - $60k"
328,"Bachelors",1,"Others","Man","USA","$80k - $100k"
329,"Masters",2,"Others","Man","USA","$60k - $80k"
330,"Bachelors",2,"Music","Man","United Kingdom","$60k - $80k"
331,"Masters",3,"Others","Man","Others","$80k - $100k"
332,"Bachelors",1,"Others","Man","USA","$20k - $40k"
333,"Bachelors",4,"Others","Man","Argentina","$20k - $40k"
334,"PhD",2,"Others","Man","USA","$80k - $100k"
335,"Bachelors",2,"Others","Man","France","$20k - $40k"
336,"Masters",4,"Art","Man","USA","$60k - $80k"
337,"Bachelors",2,"Others","Man","Others","Less than $20,000"
338,"Bachelors",2,"Others","Man","Australia","$60k - $80k"
339,"Others",1.5,"Engineering","Man","Others","Less than $20,000"
340,"PhD",0,"Others","Man","USA","Less than $20,000"
341,"Masters",3,"Others","Man","Canada","$20k - $40k"
342,"Others",3,"Others","Man","United Kingdom","$40k - $60k"
343,"Bachelors",1,"Others","Man","Others","Less than $20,000"
344,"Bachelors",3,"Others","Man","USA","$80k - $100k"
345,"Others",10,"Others","Man","USA","$100k - $120k"
346,"Bachelors",7,"Engineering","Man","USA","$100k - $120k"
347,"Masters",6,"Others","Man","Others","$60k - $80k"
348,"Bachelors",15,"Others","Man","USA","$80k - $100k"
349,"Bachelors",4,"Others","Man","USA","$140k - $160k"
350,"Bachelors",2,"Others","Man","Mexico","$20k - $40k"
351,"Masters",0,"Others","Man","Others","$200k+"
352,"Bachelors",5,"Others","Man","USA","$120k - $140k"
353,"Masters",3,"Others","Man","Others","$60k - $80k"
354,"Masters",4,"Economics","Man","United Kingdom","$60k - $80k"
355,"PhD",1,"Others","Man","Others","Less than $20,000"
356,"PhD",15,"Others","Man","France","$40k - $60k"
357,"PhD",6,"Others","Man","USA","$40k - $60k"
358,"Masters",7,"Others","Man","USA","$80k - $100k"
359,"Bachelors",8,"Others","Man","USA","$80k - $100k"
360,"Masters",2,"Economics","Man","USA","$120k - $140k"
361,"Bachelors",11,"Others","Man","USA","$80k - $100k"
362,"Bachelors",5,"Mathematics","Man","USA","$120k - $140k"
363,"Masters",5,"Others","Man","USA","$100k - $120k"
364,"Masters",2,"Business","Man","USA","$140k - $160k"
365,"PhD",3,"Business","Man","Canada","$60k - $80k"
366,"Masters",10,"Economics","Man","India","$180k - $200k"
367,"Masters",10,"Others","Man","France","$80k - $100k"
368,"Masters",3,"Others","Man","United Kingdom","$40k - $60k"
369,"Masters",0,"Others","Man","USA","$40k - $60k"
370,"Others",2,"Others","Man","Germany","$60k - $80k"
371,"Bachelors",1,"Others","Man","USA","$40k - $60k"
372,"Bachelors",0,"Others","Man","Brazil","Less than $20,000"
373,"Bachelors",2,"Others","Man","United Kingdom","$20k - $40k"
374,"Bachelors",0,"Others","Man","Others","$20k - $40k"
375,"Bachelors",2,"Others","Man","Brazil","$20k - $40k"
376,"Others",5,"Others","Man","Others","$40k - $60k"
377,"Masters",3,"Others","Man","Others","$60k - $80k"
378,"Masters",1.5,"Others","Man","USA","$200k+"
379,"Masters",4,"Others","Man","Others","Less than $20,000"
380,"Bachelors",10,"Others","Man","USA","$120k - $140k"
381,"Bachelors",30,"Others","Man","USA","$60k - $80k"
382,"Bachelors",2,"Others","Man","Others","$20k - $40k"
383,"PhD",0,"Others","Man","USA","$120k - $140k"
384,"PhD",0,"Others","Man","Others","$20k - $40k"
385,"Bachelors",6,"Others","Man","USA","$80k - $100k"
386,"Masters",8,"Others","Man","USA","$180k - $200k"
387,"Bachelors",4,"Business Administration","Man","Brazil","$80k - $100k"
388,"Masters",3,"Physics","Man","Others","$40k - $60k"
389,"Masters",0,"Mathematics","Man","Others","$20k - $40k"
390,"Others",4,"Biology","Man","USA","$20k - $40k"
391,"Masters",3,"Others","Man","Others","$20k - $40k"
392,"PhD",3,"Others","Man","Others","Less than $20,000"
393,"Masters",0,"Others","Man","Others","Less than $20,000"
394,"Masters",0,"Others","Man","USA","$20k - $40k"
395,"Others",1,"Others","Man","United Kingdom","$20k - $40k"
396,"Bachelors",3,"Others","Man","Canada","$20k - $40k"
397,"PhD",1.5,"Physics","Man","Others","$40k - $60k"
398,"Masters",2,"Others","Man","Australia","Less than $20,000"
399,"Masters",0,"Physics","Man","Germany","$20k - $40k"
400,"Masters",1,"Physics","Man","Others","$40k - $60k"
401,"Masters",2,"Others","Man","Argentina","$40k - $60k"
402,"Others",5,"Others","Man","Germany","$40k - $60k"
403,"Masters",6,"Others","Man","USA","$180k - $200k"
404,"Masters",2,"Economics","Man","Australia","$60k - $80k"
405,"PhD",7,"Others","Man","Others","$40k - $60k"
406,"PhD",7,"Physics","Man","USA","$40k - $60k"
407,"PhD",6,"Others","Man","Others","$20k - $40k"
408,"PhD",1,"Others","Man","Germany","$60k - $80k"
409,"PhD",3,"Biology","Man","Others","$20k - $40k"
410,"PhD",6,"Physics","Man","Others","$20k - $40k"
411,"Bachelors",3,"Others","Man","United Kingdom","$180k - $200k"
412,"Masters",10,"Others","Man","India","$40k - $60k"
413,"Masters",7,"Others","Man","India","$40k - $60k"
414,"Masters",5,"Physics","Man","USA","$200k+"
415,"Others",5,"Others","Man","India","$80k - $100k"
416,"Others",10,"Philosophy","Man","USA","$180k - $200k"
417,"Others",8,"Others","Man","USA","$100k - $120k"
418,"PhD",18,"Philosophy","Man","USA","$200k+"
419,"Masters",5,"Others","Man","India","$40k - $60k"
420,"PhD",15,"Others","Man","USA","$200k+"
421,"Bachelors",1,"Others","Man","India","Less than $20,000"
422,"Bachelors",5,"Others","Man","USA","$140k - $160k"
423,"Masters",3,"Others","Man","USA","$100k - $120k"
424,"Masters",0,"Others","Man","Spain","$60k - $80k"
425,"Bachelors",20,"Others","Man","USA","$120k - $140k"
426,"Masters",5,"Others","Man","Others","$20k - $40k"
427,"Masters",1,"Others","Man","Others","$20k - $40k"
428,"PhD",8,"Engineering","Man","Canada","$80k - $100k"
429,"PhD",0,"Others","Man","Others","$60k - $80k"
430,"PhD",0,"Others","Man","Others","$20k - $40k"
431,"PhD",4,"Business Administration","Man","India","$60k - $80k"
432,"PhD",0,"Others","Man","Canada","$120k - $140k"
433,"PhD",30,"Others","Man","USA","$80k - $100k"
434,"PhD",10,"Others","Man","Others","$80k - $100k"
435,"PhD",20,"Others","Man","USA","$100k - $120k"
436,"PhD",5,"Economics","Man","Others","$60k - $80k"
437,"Bachelors",5,"Others","Man","USA","$40k - $60k"
438,"Masters",5,"Others","Man","Others","Others"
439,"PhD",4,"Others","Man","Others","$60k - $80k"
440,"Masters",14,"Others","Man","Brazil","$20k - $40k"
441,"Bachelors",10,"Others","Man","Spain","$60k - $80k"
442,"Bachelors",2,"Others","Man","Brazil","Less than $20,000"
443,"Masters",3,"Others","Man","Spain","$80k - $100k"
444,"Masters",10,"Others","Man","USA","$100k - $120k"
445,"Bachelors",10,"Others","Man","Others","$40k - $60k"
446,"Masters",3,"Economics","Man","USA","$40k - $60k"
447,"Bachelors",0,"Others","Man","United Kingdom","$40k - $60k"
448,"Masters",1,"Political science","Man","USA","$40k - $60k"
449,"Bachelors",2,"Others","Man","USA","$20k - $40k"
450,"Bachelors",1,"Others","Man","USA","$40k - $60k"
451,"PhD",1,"Others","Man","Others","$40k - $60k"
452,"Masters",3,"Others","Man","USA","$40k - $60k"
453,"Bachelors",0.5,"Others","Man","USA","$40k - $60k"
454,"Masters",10,"Others","Man","Germany","$40k - $60k"
455,"PhD",3,"Others","Man","Others","$40k - $60k"
456,"PhD",8,"Biology","Man","United Kingdom","$20k - $40k"
457,"Masters",9,"Others","Man","USA","$80k - $100k"
458,"Masters",5,"Others","Man","Others","$60k - $80k"
459,"Masters",2,"Others","Man","Germany","$60k - $80k"
460,"Masters",2,"Others","Man","Spain","$20k - $40k"
461,"Masters",7,"Others","Man","USA","$80k - $100k"
462,"PhD",4,"Others","Man","Others","$40k - $60k"
463,"Masters",5,"Others","Man","Others","$20k - $40k"
464,"PhD",4,"Others","Man","United Kingdom","$20k - $40k"
465,"Masters",19,"Physics","Man","USA","$80k - $100k"
466,"PhD",7,"Others","Man","USA","$180k - $200k"
467,"PhD",3,"Others","Man","USA","$140k - $160k"
468,"PhD",3,"Others","Man","USA","$100k - $120k"
469,"PhD",15,"Others","Man","Spain","$20k - $40k"
470,"Bachelors",2,"Others","Man","Mexico","$20k - $40k"
471,"PhD",6,"Others","Man","USA","$160k - $180k"
472,"Masters",3,"Engineering","Man","USA","$80k - $100k"
473,"PhD",2,"Others","Man","USA","$40k - $60k"
474,"PhD",10,"Mathematics","Man","Canada","$100k - $120k"
475,"PhD",9,"Others","Man","Others","Others"
476,"Bachelors",10,"Others","Man","USA","$180k - $200k"
477,"Bachelors",4,"Others","Man","USA","$60k - $80k"
478,"Masters",5,"Others","Man","USA","$140k - $160k"
479,"Masters",5,"Others","Man","USA","$60k - $80k"
480,"PhD",4,"Others","Man","Canada","$60k - $80k"
481,"Bachelors",2,"Others","Man","United Kingdom","$80k - $100k"
482,"PhD",8,"Others","Man","Germany","$60k - $80k"
483,"PhD",10,"Others","Man","Others","$100k - $120k"
484,"PhD",1,"Others","Man","Others","$60k - $80k"
485,"Others",4,"Others","Man","United Kingdom","$40k - $60k"
486,"Masters",0,"Others","Man","USA","$80k - $100k"
487,"Masters",4,"Others","Man","USA","$80k - $100k"
488,"Bachelors",5,"Others","Man","India","Less than $20,000"
489,"Bachelors",1,"Mathematics","Man","USA","$120k - $140k"
490,"Bachelors",4,"Engineering","Man","USA","$100k - $120k"
491,"Bachelors",4,"Others","Man","Netherlands","$60k - $80k"
492,"Masters",0,"Philosophy","Man","USA","$80k - $100k"
493,"Masters",6,"Others","Man","Germany","$80k - $100k"
494,"Bachelors",6,"Others","Man","United Kingdom","$40k - $60k"
495,"PhD",5,"Others","Man","USA","$140k - $160k"
496,"PhD",6,"Others","Man","USA","$200k+"
497,"PhD",3,"Others","Man","Canada","$80k - $100k"
498,"Masters",3,"Others","Man","Others","$20k - $40k"
499,"Bachelors",4,"Others","Man","USA","$100k - $120k"
500,"Bachelors",0.5,"Others","Man","United Kingdom","$40k - $60k"
501,"Bachelors",4,"Others","Man","Others","$200k+"
502,"Bachelors",8,"Others","Man","USA","$200k+"
503,"Bachelors",6,"Others","Man","United Kingdom","$60k - $80k"
504,"Masters",3,"Others","Man","USA","$60k - $80k"
505,"Bachelors",5,"Mathematics","Man","Others","Others"
506,"Bachelors",8,"Others","Man","USA","$80k - $100k"
507,"Bachelors",8,"Business Administration","Man","USA","$80k - $100k"
508,"Bachelors",5,"Others","Man","USA","$100k - $120k"
509,"Masters",12,"Others","Man","USA","$80k - $100k"
510,"Masters",5,"Mathematics","Man","India","$40k - $60k"
511,"Others",8,"Others","Man","Others","$120k - $140k"
512,"Masters",4,"Others","Man","USA","$80k - $100k"
513,"Bachelors",1,"Others","Man","United Kingdom","$40k - $60k"
514,"Bachelors",8,"Others","Man","USA","$160k - $180k"
515,"PhD",4,"Others","Man","USA","$120k - $140k"
516,"Bachelors",5,"Others","Man","Others","$80k - $100k"
517,"PhD",0,"Others","Man","Italy","$40k - $60k"
518,"Others",6,"Others","Man","Others","Less than $20,000"
519,"Masters",5,"Others","Man","Others","$20k - $40k"
520,"Masters",10,"Others","Man","USA","$120k - $140k"
521,"Bachelors",12,"Others","Man","Others","$100k - $120k"
522,"Masters",3,"Music","Man","USA","$200k+"
523,"Masters",10,"English","Man","USA","$200k+"
524,"Others",1,"Others","Man","USA","$100k - $120k"
525,"Bachelors",4,"Others","Man","Others","$80k - $100k"
526,"Bachelors",3,"Others","Man","USA","$100k - $120k"
527,"Masters",10,"Others","Man","Germany","$60k - $80k"
528,"Masters",3,"Others","Man","Others","$80k - $100k"
529,"Bachelors",2,"Others","Man","USA","$100k - $120k"
530,"Masters",0.5,"Others","Man","Germany","$60k - $80k"
531,"Others",5,"Others","Man","USA","$40k - $60k"
532,"Others",6,"Others","Man","USA","$40k - $60k"
533,"Bachelors",6.5,"Others","Man","Others","$80k - $100k"
534,"Others",1,"Others","Man","USA","$20k - $40k"
535,"Bachelors",1,"Mathematics","Man","USA","$60k - $80k"
536,"Bachelors",2,"Others","Man","Australia","$100k - $120k"
537,"Masters",2,"Mathematics","Man","United Kingdom","$20k - $40k"
538,"Masters",0,"Others","Man","Argentina","Less than $20,000"
539,"Masters",2,"Others","Man","USA","$100k - $120k"
540,"Bachelors",3,"Others","Man","USA","$120k - $140k"
541,"Masters",3,"Others","Man","USA","$100k - $120k"
542,"Masters",5,"Others","Man","USA","$200k+"
543,"Bachelors",2,"Others","Man","USA","$120k - $140k"
544,"Bachelors",10,"Others","Man","USA","$100k - $120k"
545,"Bachelors",3,"Others","Man","USA","$140k - $160k"
546,"Others",3,"Others","Man","USA","$80k - $100k"
547,"Others",4,"Art","Man","USA","$120k - $140k"
548,"Masters",2,"Others","Man","USA","$140k - $160k"
549,"Bachelors",3,"Others","Man","Others","$120k - $140k"
550,"Bachelors",0,"Physics","Man","USA","$100k - $120k"
551,"Masters",5,"Others","Man","USA","$80k - $100k"
552,"Bachelors",0,"Others","Man","USA","$80k - $100k"
553,"Bachelors",2,"Others","Man","USA","$120k - $140k"
554,"Masters",3,"Others","Man","USA","$60k - $80k"
555,"Masters",10,"Others","Man","Italy","$20k - $40k"
556,"Masters",1,"Others","Man","India","Less than $20,000"
557,"Masters",15,"Others","Man","USA","$120k - $140k"
558,"Masters",6,"Others","Man","USA","$180k - $200k"
559,"Bachelors",3,"Others","Man","India","$20k - $40k"
560,"Masters",5,"Others","Man","USA","$80k - $100k"
561,"Bachelors",4,"Others","Man","USA","$60k - $80k"
562,"Masters",3,"Others","Man","USA","$200k+"
563,"Bachelors",5,"Others","Man","USA","$200k+"
564,"Masters",11,"Others","Man","USA","$60k - $80k"
565,"Bachelors",3,"Others","Man","USA","$160k - $180k"
566,"Masters",15,"Others","Man","Others","$60k - $80k"
567,"Masters",13,"Others","Man","Australia","$100k - $120k"
568,"Masters",1,"Others","Man","USA","Less than $20,000"
569,"Masters",2,"Others","Man","United Kingdom","Less than $20,000"
570,"Bachelors",2.5,"Others","Man","Germany","Less than $20,000"
571,"Masters",3,"Others","Man","USA","Less than $20,000"
572,"Bachelors",0,"Others","Man","India","Less than $20,000"
573,"Bachelors",0,"Others","Man","India","Less than $20,000"
574,"Masters",0,"Others","Man","USA","$80k - $100k"
575,"Masters",0,"Others","Man","USA","$80k - $100k"
576,"Bachelors",0,"Others","Man","Others","$60k - $80k"
577,"PhD",12,"Others","Man","USA","$100k - $120k"
578,"PhD",3,"Others","Man","USA","$140k - $160k"
579,"Bachelors",3,"Others","Man","Mexico","Less than $20,000"
580,"PhD",15,"Physics","Man","Germany","$60k - $80k"
581,"Bachelors",1,"Others","Man","USA","$80k - $100k"
582,"Masters",30,"Engineering","Man","USA","$200k+"
583,"Bachelors",7,"Others","Man","Others","$40k - $60k"
584,"Masters",7,"Others","Man","Spain","$60k - $80k"
585,"Masters",5,"Others","Man","Others","$80k - $100k"
586,"Masters",2,"Others","Man","India","$20k - $40k"
587,"Bachelors",2,"Physics","Man","United Kingdom","$100k - $120k"
588,"Bachelors",0,"Others","Man","Germany","$120k - $140k"
589,"Masters",2,"Others","Man","Mexico","$20k - $40k"
590,"Masters",5,"Others","Man","Mexico","$20k - $40k"
591,"Others",20,"Engineering","Man","USA","$40k - $60k"
592,"Masters",4,"Others","Man","USA","$60k - $80k"
593,"Others",5,"Others","Man","USA","$120k - $140k"
594,"Masters",5,"Others","Man","USA","$140k - $160k"
595,"Bachelors",3,"Economics","Man","Netherlands","$40k - $60k"
596,"Masters",3,"Others","Man","USA","$140k - $160k"
597,"Bachelors",6,"Others","Man","USA","$200k+"
598,"Masters",6,"Others","Man","USA","$200k+"
599,"Bachelors",2,"Others","Man","USA","$100k - $120k"
600,"Masters",5,"Others","Man","USA","$80k - $100k"
601,"Others",5,"Others","Man","United Kingdom","Others"
602,"Bachelors",8,"Philosophy","Man","Canada","$140k - $160k"
603,"Masters",27,"Others","Man","USA","$200k+"
604,"PhD",0,"Others","Man","USA","Others"
605,"Masters",3,"Others","Man","USA","$120k - $140k"
606,"Bachelors",1,"Others","Man","USA","$80k - $100k"
607,"Bachelors",4,"Others","Man","USA","$60k - $80k"
608,"Masters",8,"Others","Man","USA","$100k - $120k"
609,"Masters",15,"Engineering","Man","USA","$120k - $140k"
610,"PhD",0,"Others","Man","USA","$100k - $120k"
611,"Masters",10,"Mathematics","Man","USA","$60k - $80k"
612,"Masters",14,"Mathematics","Man","Others","$80k - $100k"
613,"Bachelors",1,"Others","Man","Colombia","$20k - $40k"
614,"Bachelors",10,"Others","Man","USA","$120k - $140k"
615,"Bachelors",13,"Others","Man","USA","$200k+"
616,"Masters",4,"Others","Man","USA","$80k - $100k"
617,"Masters",0,"Others","Man","Others","$80k - $100k"
618,"Masters",1,"Others","Man","USA","$60k - $80k"
619,"PhD",12,"Others","Man","Canada","$40k - $60k"
620,"Masters",9,"Mathematics","Man","United Kingdom","$60k - $80k"
621,"Bachelors",3,"Others","Man","United Kingdom","$40k - $60k"
622,"Masters",2,"Others","Man","United Kingdom","$60k - $80k"
623,"Others",6,"Others","Man","France","$40k - $60k"
624,"Bachelors",0,"Others","Man","USA","$180k - $200k"
625,"Others",1,"Others","Man","Others","$40k - $60k"
626,"PhD",7,"Physics","Man","USA","$80k - $100k"
627,"PhD",7,"Others","Man","India","Less than $20,000"
628,"Masters",5,"Economics","Man","United Kingdom","$80k - $100k"
629,"Bachelors",5,"Others","Man","USA","$100k - $120k"
630,"Masters",6,"Others","Man","USA","$20k - $40k"
631,"Bachelors",0,"Others","Man","USA","$100k - $120k"
632,"Masters",11,"Business","Man","USA","$40k - $60k"
633,"Masters",7,"Others","Man","Mexico","$60k - $80k"
634,"Bachelors",1,"Business","Man","USA","$120k - $140k"
635,"Masters",5,"Others","Man","Germany","$60k - $80k"
636,"Bachelors",30,"Others","Man","USA","$40k - $60k"
637,"Bachelors",5,"Others","Man","United Kingdom","$60k - $80k"
638,"Masters",2,"Others","Man","India","Less than $20,000"
639,"Masters",4,"Others","Man","USA","$100k - $120k"
640,"Bachelors",10,"Others","Man","USA","$60k - $80k"
641,"Bachelors",3,"Music","Man","USA","$80k - $100k"
642,"Bachelors",1,"Physics","Man","USA","$60k - $80k"
643,"Masters",2,"Biology","Man","Others","$60k - $80k"
644,"Masters",0,"Others","Man","Others","$100k - $120k"
645,"Bachelors",0.1,"Others","Man","Mexico","Less than $20,000"
646,"PhD",7,"Others","Man","USA","$40k - $60k"
647,"Masters",3,"Others","Man","USA","$140k - $160k"
648,"Masters",0,"Others","Man","Others","$120k - $140k"
649,"Masters",0,"Others","Man","Others","$60k - $80k"
650,"Masters",6,"Others","Man","Others","$120k - $140k"
651,"Bachelors",0,"Others","Man","India","Less than $20,000"
652,"PhD",0,"Others","Man","Others","Less than $20,000"
653,"PhD",2,"Engineering","Man","Germany","$120k - $140k"
654,"PhD",10,"Physics","Man","USA","$80k - $100k"
655,"Masters",0,"Others","Man","Others","$20k - $40k"
656,"Bachelors",2,"Others","Man","India","$20k - $40k"
657,"PhD",1,"Others","Man","USA","Others"
658,"Bachelors",6,"Others","Man","USA","$160k - $180k"
659,"PhD",11,"Others","Man","Colombia","$80k - $100k"
660,"Masters",5,"Others","Man","USA","$60k - $80k"
661,"Bachelors",6,"Others","Man","Canada","$80k - $100k"
662,"PhD",0,"Others","Man","Others","Less than $20,000"
663,"PhD",8,"Others","Man","Spain","$40k - $60k"
664,"PhD",10,"Others","Man","Others","Less than $20,000"
665,"PhD",20,"Others","Man","United Kingdom","$60k - $80k"
666,"Masters",1,"Others","Man","Brazil","$40k - $60k"
667,"Masters",4,"Mathematics","Man","USA","$80k - $100k"
668,"Bachelors",25,"Others","Man","USA","$100k - $120k"
669,"Bachelors",1,"Others","Man","USA","Less than $20,000"
670,"Bachelors",1,"Others","Man","USA","$40k - $60k"
671,"Masters",6,"Others","Man","USA","$120k - $140k"
672,"Masters",7,"Others","Man","USA","$100k - $120k"
673,"Bachelors",4,"Others","Man","USA","$60k - $80k"
674,"Masters",4,"Others","Man","United Kingdom","$40k - $60k"
675,"Bachelors",2,"Others","Man","USA","$100k - $120k"
676,"Masters",7,"Others","Man","Others","$40k - $60k"
677,"PhD",5,"Engineering","Man","Canada","$80k - $100k"
678,"Masters",2,"Others","Man","Germany","$40k - $60k"
679,"Masters",5,"Others","Man","USA","$120k - $140k"
680,"Bachelors",3,"Others","Man","Others","$100k - $120k"
681,"Bachelors",3,"Others","Man","Canada","$80k - $100k"
682,"Masters",1.5,"Others","Man","Germany","$60k - $80k"
683,"Masters",0,"Others","Man","Others","$200k+"
684,"Masters",8,"Others","Man","Colombia","$40k - $60k"
685,"Others",7,"Others","Man","Germany","$60k - $80k"
686,"Masters",5,"Others","Man","Others","$200k+"
687,"Masters",14,"Others","Man","Spain","$80k - $100k"
688,"Masters",3,"Others","Man","Germany","$20k - $40k"
689,"Bachelors",4,"Others","Man","United Kingdom","$120k - $140k"
690,"Masters",2,"Others","Man","Australia","$100k - $120k"
691,"Masters",3,"Others","Man","Others","$40k - $60k"
692,"Others",1,"Others","Man","Canada","$80k - $100k"
693,"PhD",3,"Others","Man","United Kingdom","$40k - $60k"
694,"Masters",0,"Others","Man","USA","$140k - $160k"
695,"Masters",3,"Others","Man","USA","Others"
696,"Bachelors",5,"Others","Man","USA","$100k - $120k"
697,"Masters",15,"Others","Man","USA","$180k - $200k"
698,"Masters",0,"Others","Man","Others","$80k - $100k"
699,"Masters",2,"Others","Man","Others","$40k - $60k"
700,"Bachelors",7,"Engineering","Man","Canada","$60k - $80k"
701,"PhD",8,"Others","Man","Others","$20k - $40k"
702,"Bachelors",5,"Others","Man","USA","$120k - $140k"
703,"PhD",30,"Physics","Man","USA","$200k+"
704,"Bachelors",4,"Others","Man","Mexico","Less than $20,000"
705,"Bachelors",3,"Others","Man","USA","$60k - $80k"
706,"Masters",40,"Others","Man","USA","$40k - $60k"
707,"Bachelors",3,"Others","Man","USA","$60k - $80k"
708,"Masters",0,"Others","Man","France","$40k - $60k"
709,"Masters",3,"Others","Man","Spain","$60k - $80k"
710,"Masters",2,"Economics","Man","Argentina","Less than $20,000"
711,"Masters",5,"Others","Man","USA","$60k - $80k"
712,"PhD",2,"Others","Man","USA","$80k - $100k"
713,"Bachelors",1,"Others","Man","USA","$100k - $120k"
714,"Masters",13,"Others","Man","Others","$80k - $100k"
715,"Masters",4,"Others","Man","Others","$20k - $40k"
716,"Bachelors",4,"Others","Man","Canada","$120k - $140k"
717,"Masters",3,"Others","Man","Others","$40k - $60k"
718,"Bachelors",1,"Engineering","Man","Brazil","$60k - $80k"
719,"Masters",4,"Economics","Man","Mexico","$20k - $40k"
720,"PhD",3,"Biology","Man","United Kingdom","$20k - $40k"
721,"Bachelors",4,"Others","Man","Others","$120k - $140k"
722,"Masters",0,"Others","Man","United Kingdom","$80k - $100k"
723,"Masters",6,"Others","Man","USA","Others"
724,"Masters",5,"Others","Man","Others","$80k - $100k"
725,"Bachelors",8,"Others","Man","United Kingdom","$40k - $60k"
726,"Masters",3,"Physics","Man","United Kingdom","$60k - $80k"
727,"Bachelors",7,"Others","Man","United Kingdom","$100k - $120k"
728,"Bachelors",5,"Others","Man","USA","$120k - $140k"
729,"Masters",6,"Others","Man","Others","Less than $20,000"
730,"Bachelors",5,"Others","Man","USA","$80k - $100k"
731,"Masters",4,"Others","Man","Colombia","$20k - $40k"
732,"Masters",3,"Economics","Man","Others","$40k - $60k"
733,"Masters",4,"Others","Man","Germany","$100k - $120k"
734,"Masters",1,"Others","Man","Netherlands","$20k - $40k"
735,"PhD",1,"Others","Man","France","$20k - $40k"
736,"Masters",14,"Others","Man","Others","$200k+"
737,"Bachelors",8,"Others","Man","Others","$60k - $80k"
738,"Bachelors",2.5,"Others","Man","Colombia","Less than $20,000"
739,"Masters",14,"Others","Man","Others","$40k - $60k"
740,"Bachelors",2,"Others","Man","Mexico","$20k - $40k"
741,"Masters",5,"Others","Man","USA","$80k - $100k"
742,"Masters",8,"Others","Man","Mexico","$60k - $80k"
743,"Others",6,"Others","Man","United Kingdom","$20k - $40k"
744,"Bachelors",15,"Others","Man","Netherlands","$60k - $80k"
745,"Masters",5,"Others","Man","Spain","$20k - $40k"
746,"Masters",5,"Others","Man","Canada","$60k - $80k"
747,"Bachelors",10,"Others","Man","USA","$80k - $100k"
748,"Masters",3,"Others","Man","India","Less than $20,000"
749,"Masters",5,"Others","Man","USA","$60k - $80k"
750,"Masters",6,"Others","Man","USA","$100k - $120k"
751,"Bachelors",3,"Others","Man","USA","$200k+"
752,"PhD",6,"Others","Man","Others","$20k - $40k"
753,"Bachelors",4,"Others","Man","USA","$120k - $140k"
754,"PhD",20,"Others","Man","Others","$80k - $100k"
755,"Others",1,"Others","Man","Colombia","Less than $20,000"
756,"Masters",1.5,"Others","Man","Australia","$60k - $80k"
757,"Bachelors",7,"Others","Man","Canada","$80k - $100k"
758,"Masters",17,"Others","Man","Others","$20k - $40k"
759,"Masters",2,"Others","Man","Others","$40k - $60k"
760,"Bachelors",1,"Others","Man","Canada","Less than $20,000"
761,"Masters",5,"Others","Man","Others","Less than $20,000"
762,"PhD",15,"Others","Man","Others","$20k - $40k"
763,"Bachelors",10,"Others","Man","Others","$40k - $60k"
764,"Masters",7,"Others","Man","Others","$20k - $40k"
765,"Masters",6.5,"Political science","Man","Canada","$200k+"
766,"Masters",1,"Others","Man","USA","$40k - $60k"
767,"Masters",3,"Others","Man","USA","$20k - $40k"
768,"Masters",8,"Industrial Design","Man","USA","$120k - $140k"
769,"PhD",5,"Others","Man","Others","$80k - $100k"
770,"Bachelors",3,"Others","Man","USA","$80k - $100k"
771,"Masters",2,"Others","Man","Others","Less than $20,000"
772,"Masters",1,"Others","Man","USA","$140k - $160k"
773,"Bachelors",5,"Others","Man","USA","$100k - $120k"
774,"Masters",3,"Others","Man","France","$40k - $60k"
775,"Bachelors",1,"Others","Man","United Kingdom","$160k - $180k"
776,"Bachelors",7,"Mathematics","Man","Canada","$100k - $120k"
777,"Bachelors",4,"Business Administration","Man","USA","$120k - $140k"
778,"Bachelors",5,"Others","Man","USA","$200k+"
779,"Bachelors",4,"Others","Man","United Kingdom","$60k - $80k"
780,"Masters",3,"Others","Man","USA","$80k - $100k"
781,"Bachelors",3,"Others","Man","Others","$40k - $60k"
782,"PhD",6,"Others","Man","Canada","$60k - $80k"
783,"Bachelors",1,"Business Administration","Man","India","Less than $20,000"
784,"Bachelors",2,"Others","Man","Others","Less than $20,000"
785,"Masters",10,"Others","Man","Canada","$100k - $120k"
786,"PhD",12,"Others","Man","USA","$120k - $140k"
787,"PhD",0,"Others","Man","Others","$20k - $40k"
788,"Bachelors",15,"Others","Man","USA","$140k - $160k"
789,"Masters",0,"Others","Man","USA","$120k - $140k"
790,"Bachelors",10,"Others","Man","USA","$200k+"
791,"Masters",13,"Music","Man","USA","$200k+"
792,"Masters",13,"Music","Man","USA","$200k+"
793,"Others",20,"Others","Man","Australia","$140k - $160k"
794,"Bachelors",6,"Others","Man","USA","Others"
795,"PhD",12,"Others","Man","United Kingdom","$120k - $140k"
796,"PhD",20,"Others","Man","USA","$200k+"
797,"PhD",10,"Others","Man","USA","$80k - $100k"
798,"PhD",0,"Economics","Man","USA","$120k - $140k"
799,"Bachelors",2,"Others","Man","Brazil","Less than $20,000"
800,"Bachelors",4,"Others","Man","USA","$60k - $80k"
801,"PhD",12,"Others","Man","India","$80k - $100k"
802,"Masters",7,"Economics","Man","United Kingdom","$40k - $60k"
803,"Bachelors",3,"Others","Man","Others","Less than $20,000"
804,"PhD",4,"Others","Man","Spain","Less than $20,000"
805,"Masters",4,"Others","Man","Colombia","$20k - $40k"
806,"PhD",15,"Biology","Man","Spain","$60k - $80k"
807,"Masters",6,"Others","Man","Colombia","$20k - $40k"
808,"Masters",1,"Economics","Man","Argentina","Less than $20,000"
809,"Bachelors",10,"Others","Man","Others","$60k - $80k"
810,"Masters",20,"Others","Man","USA","$100k - $120k"
811,"Bachelors",3,"Others","Man","USA","$100k - $120k"
812,"Bachelors",6,"Economics","Man","USA","$140k - $160k"
813,"Masters",7,"Others","Man","USA","$100k - $120k"
814,"Others",2,"Others","Man","Others","$20k - $40k"
815,"Masters",6,"Others","Man","Others","$60k - $80k"
816,"Bachelors",7,"Others","Man","USA","$200k+"
817,"Bachelors",7,"Others","Man","USA","$200k+"
818,"Others",15,"Others","Man","USA","$80k - $100k"
819,"Masters",1,"Others","Man","United Kingdom","$60k - $80k"
820,"Bachelors",1,"Others","Man","USA","$200k+"
821,"Masters",4,"Others","Man","Others","$140k - $160k"
822,"Others",8,"Others","Man","USA","$60k - $80k"
823,"Masters",2,"Others","Man","United Kingdom","$40k - $60k"
824,"Others",3,"Others","Man","Others","Less than $20,000"
825,"Masters",5,"Others","Man","USA","$20k - $40k"
826,"Masters",20,"Others","Man","Others","$60k - $80k"
827,"Masters",4,"Economics","Man","USA","$100k - $120k"
828,"PhD",3,"Others","Man","Brazil","$80k - $100k"
829,"Bachelors",5,"Business","Man","United Kingdom","$160k - $180k"
830,"Bachelors",5,"Others","Man","India","$40k - $60k"
831,"PhD",7.5,"Biology","Man","Germany","$200k+"
832,"Masters",4,"Others","Man","Italy","Less than $20,000"
833,"Masters",5,"Others","Man","Others","$120k - $140k"
834,"Bachelors",4,"Others","Man","USA","Others"
835,"Masters",15,"Others","Man","USA","$180k - $200k"
836,"PhD",10,"Others","Man","Spain","$20k - $40k"
837,"Masters",0,"Others","Man","USA","$80k - $100k"
838,"Others",10,"Others","Man","USA","$60k - $80k"
839,"Masters",4,"Others","Man","France","$60k - $80k"
840,"Masters",5,"Others","Man","USA","$200k+"
841,"PhD",25,"Others","Man","Australia","$180k - $200k"
842,"Others",0,"Others","Man","Spain","$20k - $40k"
843,"Masters",10,"Others","Man","United Kingdom","$80k - $100k"
844,"Bachelors",0,"Physics","Man","United Kingdom","Others"
845,"Masters",2,"English","Man","Others","$100k - $120k"
846,"Masters",9,"Others","Man","Others","Less than $20,000"
847,"Bachelors",3,"Others","Man","United Kingdom","$100k - $120k"
848,"Bachelors",5,"Others","Man","Netherlands","$60k - $80k"
849,"PhD",10,"Others","Man","Others","$40k - $60k"
850,"Masters",0,"Others","Man","United Kingdom","Others"
851,"Masters",2,"Others","Man","Others","$200k+"
852,"Bachelors",4,"Others","Man","USA","$80k - $100k"
853,"Bachelors",4,"Others","Man","Mexico","Others"
854,"PhD",3,"Others","Man","Spain","$20k - $40k"
855,"PhD",10,"Economics","Man","Mexico","$180k - $200k"
856,"Masters",25,"English","Man","USA","$200k+"
857,"Masters",3,"Others","Man","Others","$60k - $80k"
858,"Bachelors",2,"Others","Man","USA","$140k - $160k"
859,"Masters",10,"Others","Man","USA","$80k - $100k"
860,"Others",4,"Others","Man","Others","$80k - $100k"
861,"Others",20,"Mathematics","Others","USA","$160k - $180k"
862,"PhD",10,"Others","Others","Others","$40k - $60k"
863,"Masters",10,"Others","Others","Canada","$40k - $60k"
864,"Bachelors",3,"Others","Others","USA","$60k - $80k"
865,"Bachelors",5,"Others","Others","USA","$100k - $120k"
866,"Masters",9,"Others","Prefer not to say","United Kingdom","$40k - $60k"
867,"PhD",4,"Others","Prefer not to say","Germany","$60k - $80k"
868,"Bachelors",8,"Others","Prefer not to say","USA","$200k+"
869,"Masters",5,"Others","Prefer not to say","France","$60k - $80k"
870,"Masters",3,"Economics","Prefer not to say","USA","$60k - $80k"
871,"Masters",5,"Engineering","Prefer not to say","Others","$80k - $100k"
872,"PhD",25,"Others","Prefer not to say","Others","$140k - $160k"
873,"Masters",10,"Others","Prefer not to say","Others","$120k - $140k"
874,"PhD",10,"Others","Prefer not to say","Canada","$200k+"
875,"Masters",20,"Others","Prefer not to say","USA","$180k - $200k"
876,"Bachelors",0,"Others","Prefer not to say","Others","$80k - $100k"
877,"Bachelors",4,"Others","Prefer not to say","USA","$140k - $160k"
878,"Bachelors",5,"Others","Prefer not to say","USA","$180k - $200k"
879,"Masters",3,"Others","Prefer not to say","Others","$40k - $60k"
880,"Bachelors",4,"Others","Prefer not to say","India","$20k - $40k"
881,"Others",8,"Others","Prefer not to say","USA","Others"
882,"Bachelors",10,"Others","Prefer not to say","USA","Others"
883,"Masters",20,"Others","Prefer not to say","USA","Others"
884,"Bachelors",0,"Others","Prefer not to say","Others","$120k - $140k"
885,"Masters",2,"Others","Prefer not to say","Others","Less than $20,000"
886,"Bachelors",10,"Others","Prefer not to say","Canada","$20k - $40k"
887,"Bachelors",2,"Others","Prefer not to say","United Kingdom","$200k+"
888,"PhD",20,"Others","Prefer not to say","Canada","$120k - $140k"
889,"Masters",35,"Others","Prefer not to say","USA","$200k+"
890,"PhD",5,"Others","Prefer not to say","Others","$60k - $80k"
891,"Masters",5,"Others","Prefer not to say","United Kingdom","$40k - $60k"
892,"PhD",5,"Others","Others","USA","Others"
893,"Bachelors",1,"Others","Others","USA","$120k - $140k"
894,"PhD",20,"Others","Others","USA","$200k+"
895,"PhD",7,"Others","Woman","USA","$60k - $80k"
896,"PhD",7,"Others","Woman","USA","$60k - $80k"
897,"Bachelors",1,"Others","Woman","USA","$60k - $80k"
898,"Masters",6,"Others","Woman","USA","$100k - $120k"
899,"Masters",2,"Others","Woman","USA","$60k - $80k"
900,"Bachelors",1,"Others","Woman","USA","$40k - $60k"
901,"Bachelors",1.5,"Others","Woman","Others","$120k - $140k"
902,"Bachelors",7,"Others","Woman","USA","$80k - $100k"
903,"Masters",5,"Others","Woman","USA","$80k - $100k"
904,"PhD",1,"Others","Woman","USA","$60k - $80k"
905,"Masters",2,"Biology","Woman","USA","Less than $20,000"
906,"PhD",1,"Others","Woman","USA","$40k - $60k"
907,"Others",2,"Others","Woman","Canada","$40k - $60k"
908,"Masters",5,"Others","Woman","USA","$160k - $180k"
909,"PhD",3,"Others","Woman","USA","$80k - $100k"
910,"Bachelors",1,"Others","Woman","USA","$40k - $60k"
911,"Masters",15,"Others","Woman","USA","Less than $20,000"
912,"Masters",8,"Others","Woman","Others","$60k - $80k"
913,"Bachelors",29,"Others","Woman","USA","$200k+"
914,"Masters",1,"Others","Woman","USA","Others"
915,"Masters",1,"Others","Woman","USA","$40k - $60k"
916,"Masters",5,"Others","Woman","Spain","$40k - $60k"
917,"Masters",7,"Others","Woman","USA","$80k - $100k"
918,"Masters",4,"Others","Woman","USA","$60k - $80k"
919,"Masters",2,"Others","Woman","USA","$80k - $100k"
920,"Bachelors",7,"Others","Woman","USA","$140k - $160k"
921,"PhD",2,"Others","Woman","USA","$40k - $60k"
922,"PhD",10,"Others","Woman","Others","Less than $20,000"
923,"Masters",1,"Others","Woman","India","Less than $20,000"
924,"Masters",2,"Others","Woman","Others","$80k - $100k"
925,"PhD",0,"Others","Woman","USA","$120k - $140k"
926,"PhD",0,"Others","Woman","USA","$80k - $100k"
927,"Masters",2,"Others","Woman","USA","$100k - $120k"
928,"PhD",15,"Others","Woman","USA","$100k - $120k"
929,"PhD",1,"Others","Woman","USA","$80k - $100k"
930,"Bachelors",8,"Others","Woman","USA","$80k - $100k"
931,"Masters",3,"Others","Woman","Canada","$60k - $80k"
932,"Masters",5,"Others","Woman","Canada","$60k - $80k"
933,"Masters",4,"Others","Woman","USA","$80k - $100k"
934,"PhD",2,"Others","Woman","USA","$60k - $80k"
935,"Masters",1,"Others","Woman","USA","$60k - $80k"
936,"Bachelors",2,"Others","Woman","USA","$60k - $80k"
937,"Bachelors",4,"Others","Woman","United Kingdom","$80k - $100k"
938,"Masters",6,"Engineering","Woman","Netherlands","$60k - $80k"
939,"Masters",5,"Others","Woman","USA","$120k - $140k"
940,"Masters",4,"Others","Woman","USA","$100k - $120k"
941,"Bachelors",1,"Others","Woman","Argentina","Less than $20,000"
942,"Bachelors",6,"Economics","Woman","USA","$100k - $120k"
943,"Bachelors",3,"Others","Woman","USA","$80k - $100k"
944,"Bachelors",3,"Others","Woman","USA","$100k - $120k"
945,"Masters",2,"Others","Woman","USA","$60k - $80k"
946,"Bachelors",1,"Business Administration","Woman","USA","$40k - $60k"
947,"Bachelors",3,"Others","Woman","USA","$60k - $80k"
948,"Masters",1.5,"Others","Woman","USA","$40k - $60k"
949,"Masters",4,"Others","Woman","Australia","$40k - $60k"
950,"Bachelors",1,"Others","Woman","United Kingdom","$20k - $40k"
951,"Masters",4,"Others","Woman","France","$40k - $60k"
952,"Masters",2,"Others","Woman","USA","$80k - $100k"
953,"PhD",5,"Others","Woman","USA","$200k+"
954,"Masters",3,"Others","Woman","USA","$60k - $80k"
955,"PhD",2,"Music","Woman","USA","$80k - $100k"
956,"Others",2,"Others","Woman","USA","$20k - $40k"
957,"PhD",5,"Others","Woman","USA","$160k - $180k"
958,"PhD",3,"Biology","Woman","USA","$60k - $80k"
959,"Bachelors",5,"Economics","Woman","United Kingdom","$60k - $80k"
960,"Bachelors",1,"Others","Woman","USA","$60k - $80k"
961,"PhD",5,"Others","Woman","USA","$60k - $80k"
962,"Bachelors",15,"Others","Woman","USA","$120k - $140k"
963,"Bachelors",0.166,"Others","Woman","USA","$40k - $60k"
964,"Masters",5,"Others","Woman","USA","$40k - $60k"
965,"Bachelors",0,"Others","Woman","USA","$40k - $60k"
966,"Bachelors",2,"Others","Woman","USA","$40k - $60k"
967,"Bachelors",2,"Others","Woman","Others","$60k - $80k"
968,"Bachelors",8,"Others","Woman","USA","$60k - $80k"
969,"PhD",1,"Others","Woman","USA","$60k - $80k"
970,"Masters",3,"Others","Woman","United Kingdom","$40k - $60k"
971,"Masters",2,"Art","Woman","USA","$80k - $100k"
972,"Masters",3,"Others","Woman","Others","$60k - $80k"
973,"Bachelors",3,"Others","Woman","USA","$80k - $100k"
974,"Masters",2,"Others","Woman","USA","$60k - $80k"
975,"Bachelors",3,"Others","Woman","USA","$60k - $80k"
976,"PhD",2,"Others","Woman","USA","$100k - $120k"
977,"PhD",1,"Mathematics","Woman","India","Less than $20,000"
978,"Bachelors",5,"Others","Woman","USA","$120k - $140k"
979,"PhD",5,"Others","Woman","USA","$60k - $80k"
980,"Masters",2,"Others","Woman","USA","$80k - $100k"
981,"Masters",5,"Others","Woman","United Kingdom","$40k - $60k"
982,"Masters",3,"Others","Woman","USA","$60k - $80k"
983,"Masters",6,"Others","Woman","France","$80k - $100k"
984,"Bachelors",0,"Others","Woman","USA","$80k - $100k"
985,"Bachelors",1,"Others","Woman","USA","$40k - $60k"
986,"PhD",6,"Others","Woman","Others","$20k - $40k"
987,"Masters",1,"Others","Woman","United Kingdom","$20k - $40k"
988,"Masters",1,"Others","Woman","USA","$100k - $120k"
989,"Masters",3,"Others","Woman","Others","Less than $20,000"
990,"Bachelors",3,"Others","Woman","USA","$20k - $40k"
991,"Masters",6,"Others","Woman","Others","Less than $20,000"
992,"Bachelors",7,"Others","Woman","USA","$60k - $80k"
993,"PhD",5,"Others","Woman","Others","$40k - $60k"
994,"Bachelors",1,"Others","Woman","USA","$80k - $100k"
995,"Masters",5,"Others","Woman","Australia","$100k - $120k"
996,"Masters",1,"Others","Woman","Canada","$60k - $80k"
997,"Bachelors",2,"Others","Woman","USA","$60k - $80k"
998,"Bachelors",1.5,"Others","Woman","USA","$60k - $80k"
999,"Masters",3,"Others","Woman","USA","$160k - $180k"
1000,"Masters",0,"Others","Woman","Others","$60k - $80k"
1001,"Masters",2,"Business Administration","Woman","Others","$20k - $40k"
1002,"PhD",7,"Others","Woman","Germany","$80k - $100k"
1003,"PhD",2,"Others","Woman","Netherlands","$20k - $40k"
1004,"PhD",3,"Physics","Woman","Others","$100k - $120k"
1005,"Others",6,"Others","Woman","Italy","$60k - $80k"
1006,"Bachelors",6,"Others","Woman","USA","$80k - $100k"
1007,"Masters",2,"Others","Woman","USA","$80k - $100k"
1008,"Others",7,"Others","Woman","USA","$60k - $80k"
1009,"Bachelors",1.5,"Business","Woman","USA","$60k - $80k"
1010,"Others",1.5,"Others","Woman","Others","$20k - $40k"
1011,"Masters",5,"Others","Woman","Australia","$140k - $160k"
1012,"Bachelors",3,"Others","Woman","Australia","$60k - $80k"
1013,"PhD",1,"Others","Woman","Germany","$20k - $40k"
1014,"Bachelors",3,"Others","Woman","USA","$40k - $60k"
1015,"Masters",7,"Others","Woman","USA","$100k - $120k"
1016,"Others",1,"Others","Woman","USA","$80k - $100k"
1017,"Masters",2,"Others","Woman","USA","$60k - $80k"
1018,"Masters",8,"Others","Woman","USA","$140k - $160k"
1019,"Bachelors",2,"Mathematics","Woman","USA","$100k - $120k"
1020,"Masters",2,"Others","Woman","Canada","$60k - $80k"
1021,"Bachelors",0,"Others","Woman","Others","$60k - $80k"
1022,"Bachelors",1,"Others","Woman","USA","$100k - $120k"
1023,"Masters",6,"Others","Woman","USA","$200k+"
1024,"Masters",0.5,"Others","Woman","USA","$80k - $100k"
1025,"Masters",1,"Others","Woman","USA","$80k - $100k"
1026,"Bachelors",0,"Others","Woman","USA","$40k - $60k"
1027,"Masters",1,"Others","Woman","France","$20k - $40k"
1028,"Bachelors",2,"Others","Woman","Italy","Less than $20,000"
1029,"Masters",3,"Others","Woman","USA","$60k - $80k"
1030,"Masters",3,"Others","Woman","Others","Less than $20,000"
1031,"Bachelors",0,"Others","Woman","Others","$20k - $40k"
1032,"Bachelors",3,"Others","Woman","USA","$60k - $80k"
1033,"Masters",3,"Others","Woman","France","$60k - $80k"
1034,"Others",5,"Others","Woman","Canada","$60k - $80k"
1035,"Masters",2.5,"Others","Woman","USA","$60k - $80k"
1036,"Masters",2,"Others","Woman","USA","$60k - $80k"
1037,"Masters",4,"Mathematics","Woman","USA","$120k - $140k"
1038,"Bachelors",20,"Business","Woman","Others","$200k+"
1039,"Masters",6,"Others","Woman","USA","$60k - $80k"
1040,"PhD",0,"Others","Woman","USA","$200k+"
1041,"PhD",3,"Others","Woman","United Kingdom","$20k - $40k"
1042,"Bachelors",1,"Others","Woman","USA","Less than $20,000"
1043,"Bachelors",2,"Others","Woman","USA","$60k - $80k"
1044,"Bachelors",0,"Others","Woman","Mexico","Less than $20,000"
1045,"Masters",7,"Others","Woman","United Kingdom","Others"
1046,"Masters",7,"Others","Woman","USA","$60k - $80k"
1047,"PhD",4,"Others","Woman","USA","$60k - $80k"
1048,"Bachelors",5,"Others","Woman","USA","$60k - $80k"
1049,"PhD",15,"Others","Woman","USA","$80k - $100k"
1050,"Masters",2,"Others","Woman","USA","$40k - $60k"
1051,"Bachelors",0,"Others","Woman","USA","$40k - $60k"
1052,"Bachelors",10,"Others","Woman","India","$120k - $140k"
1053,"Masters",3,"Biology","Woman","USA","$60k - $80k"
1054,"PhD",10,"Others","Woman","USA","$80k - $100k"
1055,"Masters",4,"Others","Woman","United Kingdom","Others"
1056,"Bachelors",3,"Others","Woman","USA","$80k - $100k"
1057,"Masters",3,"Others","Woman","USA","$40k - $60k"
1058,"Bachelors",3,"Others","Woman","Canada","$40k - $60k"
1059,"Bachelors",3,"Others","Woman","USA","$40k - $60k"
1060,"Bachelors",6,"Others","Woman","Canada","$80k - $100k"
1061,"Bachelors",2,"Others","Woman","Australia","$80k - $100k"
1062,"Others",5,"Others","Woman","Canada","$20k - $40k"
1063,"Masters",5,"Others","Woman","USA","$20k - $40k"
1064,"Others",0,"Others","Woman","USA","$20k - $40k"
1065,"Bachelors",3,"Others","Woman","USA","$20k - $40k"
1066,"PhD",0,"Biology","Woman","USA","$20k - $40k"
1067,"Others",1,"Others","Woman","USA","Less than $20,000"
1068,"Bachelors",10,"Advertising","Woman","USA","$80k - $100k"
1069,"Others",0,"Illustration","Woman","Canada","$40k - $60k"
1070,"Others",3,"Biology","Woman","USA","$80k - $100k"
1071,"PhD",10,"Others","Woman","USA","$180k - $200k"
1072,"Bachelors",10,"Others","Woman","USA","$160k - $180k"
1073,"Masters",12,"Others","Woman","Others","$60k - $80k"
1074,"Masters",0,"Others","Woman","USA","$40k - $60k"
1075,"Masters",2,"Others","Woman","USA","$80k - $100k"
1076,"Bachelors",20,"Others","Woman","United Kingdom","$40k - $60k"
1077,"Masters",2,"Others","Woman","USA","$40k - $60k"
1078,"Masters",3,"Others","Woman","Canada","$80k - $100k"
1079,"Masters",0.5,"Others","Woman","India","Less than $20,000"
1080,"Others",0,"Others","Woman","United Kingdom","$40k - $60k"
1081,"Masters",5,"Others","Woman","Australia","$100k - $120k"
1082,"Bachelors",8,"Others","Woman","USA","$100k - $120k"
1083,"PhD",3,"Others","Woman","United Kingdom","$40k - $60k"
1084,"Bachelors",2,"Others","Woman","USA","$60k - $80k"
1085,"Masters",1,"Others","Woman","Others","Less than $20,000"
1086,"Others",10,"Others","Woman","Italy","$40k - $60k"
1087,"Others",4,"Others","Woman","USA","$60k - $80k"
1088,"Masters",0.4,"Others","Woman","United Kingdom","$20k - $40k"
1089,"Bachelors",1,"Economics","Woman","Mexico","Less than $20,000"
1090,"Masters",4,"Others","Woman","USA","$120k - $140k"
1091,"PhD",8,"Others","Woman","USA","$100k - $120k"
1092,"Masters",3,"Others","Woman","USA","$60k - $80k"
1093,"Masters",5,"Others","Woman","USA","$80k - $100k"
1094,"Masters",1,"Others","Woman","Others","$40k - $60k"
1095,"Masters",0.5,"Others","Woman","Others","Less than $20,000"
1096,"Masters",2,"Others","Woman","USA","$60k - $80k"
1097,"Masters",3,"Others","Woman","USA","$60k - $80k"
1098,"Masters",10,"Others","Woman","Brazil","Less than $20,000"
1099,"Masters",3,"Others","Woman","Germany","$40k - $60k"
1100,"Masters",6,"Others","Woman","Others","$20k - $40k"
1101,"Masters",1,"Others","Woman","Others","Less than $20,000"
1102,"Masters",20,"Business Administration","Woman","Spain","$20k - $40k"
1103,"Others",20,"Others","Woman","USA","$140k - $160k"
1104,"Masters",0,"Others","Woman","United Kingdom","$40k - $60k"
1105,"Masters",10,"Biology","Woman","USA","$40k - $60k"
1106,"Masters",4,"Others","Woman","USA","$60k - $80k"
1107,"Bachelors",20,"Others","Woman","United Kingdom","$40k - $60k"
1108,"PhD",1,"Others","Woman","Mexico","Less than $20,000"
1109,"PhD",2,"Others","Woman","Others","$20k - $40k"
1110,"Bachelors",1,"Others","Woman","United Kingdom","$20k - $40k"
1111,"Masters",2,"Others","Woman","Argentina","Less than $20,000"
1112,"Bachelors",5,"Others","Woman","Mexico","Less than $20,000"
1113,"PhD",10,"Others","Woman","USA","$40k - $60k"
1114,"PhD",2,"Biology","Woman","USA","$40k - $60k"
1115,"PhD",0,"Others","Woman","Australia","$80k - $100k"
1116,"PhD",4,"Others","Woman","Spain","Less than $20,000"
1117,"Others",0,"Others","Woman","Others","Less than $20,000"
1118,"Bachelors",4,"Mathematics","Woman","USA","$60k - $80k"
1119,"Masters",4,"Others","Woman","Others","$180k - $200k"
1120,"Masters",6,"Others","Woman","USA","Others"
1121,"Masters",20,"Others","Woman","USA","$100k - $120k"
1122,"Masters",2,"Others","Woman","USA","$100k - $120k"
1123,"Masters",1,"Others","Woman","Others","$60k - $80k"
1124,"Masters",1,"Others","Woman","Germany","$20k - $40k"
1125,"Bachelors",0,"Others","Woman","Canada","$100k - $120k"
1126,"Masters",5,"Others","Woman","Spain","$40k - $60k"
1127,"Bachelors",0,"Others","Woman","USA","$140k - $160k"
1128,"PhD",30,"Physics","Woman","USA","$200k+"
1129,"PhD",28,"Others","Woman","Canada","$200k+"
1130,"Masters",15,"Others","Woman","USA","$80k - $100k"
1131,"PhD",15,"Others","Woman","USA","$60k - $80k"
1132,"Masters",1.5,"Others","Woman","USA","$20k - $40k"
1133,"Masters",0,"Others","Woman","USA","$40k - $60k"
1134,"Others",0,"Others","Woman","USA","$120k - $140k"
1135,"Masters",2,"Others","Woman","USA","$60k - $80k"
1136,"Bachelors",4,"Economics","Woman","USA","$40k - $60k"
1137,"Bachelors",1,"Others","Woman","Others","Others"
1138,"Bachelors",0,"Others","Woman","United Kingdom","$20k - $40k"
1139,"Masters",15,"Others","Woman","USA","$60k - $80k"
1140,"Masters",4,"Others","Woman","Others","$20k - $40k"
1141,"Masters",3,"Others","Woman","USA","$40k - $60k"
1142,"Masters",2,"Economics","Woman","USA","$40k - $60k"
1143,"Bachelors",2,"Others","Woman","USA","$40k - $60k"
1144,"Masters",2,"Others","Woman","USA","$80k - $100k"
1145,"Masters",2,"Others","Woman","USA","$60k - $80k"
1146,"Masters",2,"Others","Woman","USA","$40k - $60k"
1147,"PhD",3,"Others","Woman","USA","$80k - $100k"
1148,"Masters",1,"Others","Woman","Germany","$40k - $60k"
1149,"PhD",1.5,"Others","Woman","Germany","$20k - $40k"
1150,"Bachelors",2,"Others","Woman","USA","$40k - $60k"
1151,"PhD",15,"Others","Woman","USA","$60k - $80k"
1152,"Masters",5,"Biology","Woman","Canada","$60k - $80k"
1153,"Masters",5,"Others","Woman","USA","$40k - $60k"
1154,"Masters",3,"Others","Woman","USA","$60k - $80k"
1155,"PhD",6,"Others","Woman","Others","$60k - $80k"
1156,"PhD",12,"Physics","Woman","USA","$60k - $80k"
1157,"Masters",3,"Others","Woman","Spain","$20k - $40k"
1158,"Bachelors",3,"Others","Woman","Others","$20k - $40k"
1159,"PhD",3,"Others","Woman","France","$20k - $40k"
1160,"Masters",2,"Others","Woman","Others","Less than $20,000"
1161,"Masters",1,"Others","Woman","USA","$40k - $60k"
1162,"Masters",2,"Others","Woman","India","$100k - $120k"
1163,"Masters",10,"Others","Woman","USA","$20k - $40k"
1164,"Masters",0,"Others","Woman","Canada","$80k - $100k"
1165,"Masters",15,"Others","Woman","Germany","$40k - $60k"
1166,"Masters",0,"Others","Woman","Others","$60k - $80k"
1167,"Masters",2,"Business","Woman","USA","$60k - $80k"
1168,"Bachelors",3,"Others","Woman","USA","$40k - $60k"
1169,"Others",1,"Others","Woman","Australia","$80k - $100k"
1170,"Masters",2.5,"Economics","Woman","United Kingdom","$40k - $60k"
1171,"Bachelors",11,"Others","Woman","Others","$80k - $100k"
1172,"Masters",0,"Others","Woman","United Kingdom","$40k - $60k"
1173,"Others",5,"Others","Woman","USA","$100k - $120k"
1174,"PhD",16,"Others","Woman","USA","$200k+"
1175,"Masters",4,"Others","Woman","USA","$80k - $100k"
1176,"PhD",1.5,"Others","Woman","USA","$100k - $120k"
1177,"Bachelors",7,"Others","Woman","USA","$120k - $140k"
1178,"Others",5,"Others","Woman","USA","$140k - $160k"
1179,"Masters",3,"Economics","Woman","USA","$80k - $100k"
1180,"Bachelors",6,"Philosophy","Woman","United Kingdom","$20k - $40k"
1181,"Masters",5,"Others","Woman","United Kingdom","$40k - $60k"
1182,"PhD",2,"Others","Woman","USA","$120k - $140k"
1183,"Masters",0,"Others","Woman","Others","Less than $20,000"
1184,"Masters",10,"Others","Woman","Argentina","$20k - $40k"
1185,"Masters",2,"Others","Woman","Others","$60k - $80k"
1186,"Masters",6,"Others","Woman","USA","$60k - $80k"
1187,"PhD",0.3,"Others","Woman","Others","$60k - $80k"
1188,"PhD",9,"Others","Woman","USA","$120k - $140k"
1189,"Bachelors",3,"Industrial Design","Woman","USA","$60k - $80k"
1190,"Bachelors",25,"Others","Woman","USA","$100k - $120k"
1191,"Others",2,"Others","Woman","USA","$60k - $80k"
1192,"Bachelors",0,"Others","Woman","USA","$80k - $100k"
1193,"Masters",4,"Others","Woman","Others","$40k - $60k"
1194,"Masters",1,"Others","Woman","France","$20k - $40k"
1195,"PhD",5,"Others","Woman","USA","$140k - $160k"
1196,"Bachelors",5,"Others","Woman","Australia","$80k - $100k"
1197,"Masters",1,"Others","Woman","USA","$120k - $140k"
1198,"Bachelors",6,"Others","Woman","USA","$60k - $80k"
1199,"Bachelors",2,"Others","Woman","USA","$200k+"
1200,"Masters",3,"Physics","Woman","USA","$100k - $120k"
1201,"Bachelors",3,"Others","Woman","United Kingdom","$20k - $40k"
1202,"Bachelors",1,"Others","Woman","United Kingdom","Less than $20,000"
1203,"Bachelors",1,"Physics","Woman","Others","Less than $20,000"
1204,"Bachelors",0,"Others","Woman","Others","Less than $20,000"
1205,"Bachelors",3,"Engineering","Woman","United Kingdom","Others"
1206,"Bachelors",1,"Others","Woman","United Kingdom","Less than $20,000"
1207,"Bachelors",2,"Others","Woman","Others","$100k - $120k"
1208,"Masters",3,"Others","Woman","USA","$60k - $80k"
1209,"Bachelors",3,"Others","Woman","USA","$60k - $80k"
1210,"Bachelors",6,"Others","Woman","USA","$100k - $120k"
1211,"Masters",5,"Others","Woman","USA","$80k - $100k"
1212,"Masters",0,"Others","Woman","USA","Less than $20,000"
1213,"Masters",1,"Others","Woman","USA","Others"
1214,"Masters",3,"Others","Woman","USA","$80k - $100k"
1215,"Others",0,"Others","Woman","Australia","Others"
1216,"Bachelors",2,"Others","Woman","USA","$60k - $80k"
1217,"Bachelors",7,"Others","Woman","USA","$120k - $140k"
1218,"Masters",10,"Others","Woman","USA","$140k - $160k"
1219,"Masters",20,"Others","Woman","Canada","$140k - $160k"
1220,"Masters",3,"Others","Woman","USA","$60k - $80k"
1221,"PhD",3,"Others","Woman","Australia","$80k - $100k"
1222,"Bachelors",1,"Others","Woman","USA","$40k - $60k"
1223,"PhD",2,"Others","Woman","USA","$80k - $100k"
1224,"Masters",0,"Others","Woman","Others","Others"
1225,"Masters",0.5,"Others","Woman","Others","Less than $20,000"
1226,"Bachelors",5,"Others","Woman","USA","$200k+"
1227,"Masters",1,"Others","Woman","France","$20k - $40k"
1228,"Masters",3,"Others","Woman","USA","$60k - $80k"
1229,"Masters",3,"Others","Woman","USA","$60k - $80k"
1230,"Bachelors",2,"Others","Woman","Canada","$60k - $80k"
1231,"Masters",5,"Business","Woman","USA","$60k - $80k"
1232,"Bachelors",0,"Others","Woman","USA","$180k - $200k"
1233,"Bachelors",4,"Others","Woman","USA","$60k - $80k"
1234,"Masters",0,"Others","Woman","USA","$120k - $140k"
1235,"Bachelors",25,"Others","Woman","Canada","$100k - $120k"
1236,"Masters",4,"Engineering","Woman","USA","$80k - $100k"
1237,"Bachelors",6,"Others","Woman","USA","$120k - $140k"
1238,"Bachelors",15,"Others","Woman","Mexico","$20k - $40k"
1239,"Bachelors",15,"Others","Woman","Australia","$100k - $120k"
1240,"Bachelors",2,"Biology","Woman","USA","$20k - $40k"
1241,"Masters",4,"Others","Woman","USA","$60k - $80k"
1242,"Masters",2,"Data Science","Woman","USA","$40k - $60k"
1243,"Others",1,"Biology","Woman","Others","Less than $20,000"
1244,"Others",4,"Others","Woman","Others","$40k - $60k"
1245,"PhD",3,"Others","Woman","Spain","$20k - $40k"
1246,"PhD",6,"Others","Woman","USA","$40k - $60k"
1247,"Masters",9,"Others","Woman","India","$140k - $160k"
1248,"Others",25,"Others","Woman","USA","$60k - $80k"
1249,"Bachelors",2,"Others","Woman","Germany","$40k - $60k"
1250,"Masters",2,"Others","Woman","Spain","Others"
1251,"Others",1,"Others","Woman","Germany","Less than $20,000"
1252,"Masters",6,"Others","Woman","USA","$80k - $100k"
1253,"Masters",1,"Others","Woman","Others","Less than $20,000"
1254,"Others",5,"Others","Woman","USA","Others"
1255,"Masters",0,"Others","Woman","Others","$20k - $40k"
1256,"Bachelors",3,"English","Woman","United Kingdom","$20k - $40k"
1257,"Bachelors",7,"Others","Woman","Others","$140k - $160k"
1258,"Others",7,"Others","Woman","USA","$120k - $140k"
1259,"Masters",0,"Others","Woman","Others","$40k - $60k"
1260,"Masters",1,"Others","Woman","USA","$40k - $60k"
1261,"Masters",3,"Others","Woman","India","Less than $20,000"
1262,"Masters",5,"Others","Woman","Italy","$20k - $40k"
1263,"Masters",1.5,"Others","Woman","United Kingdom","$20k - $40k"
1264,"Bachelors",4,"Others","Woman","USA","Others"
1265,"Masters",4,"Others","Woman","Netherlands","$100k - $120k"
1266,"Masters",1.5,"Others","Woman","France","Less than $20,000"
1267,"Others",6,"Others","Woman","USA","$120k - $140k"
1268,"Bachelors",6,"Others","Woman","Spain","$20k - $40k"
1269,"Masters",2,"Economics","Woman","USA","$180k - $200k"
1270,"Bachelors",20,"Industrial Design","Woman","USA","$200k+"
1271,"Masters",1,"Others","Woman","Others","$40k - $60k"
1272,"Masters",1,"Others","Woman","United Kingdom","$20k - $40k"
1273,"Masters",2,"Others","Woman","Others","$40k - $60k"
1274,"PhD",3,"Others","Woman","USA","$80k - $100k"
1275,"PhD",2,"Others","Woman","Others","$20k - $40k"
1276,"Masters",1,"Others","Woman","USA","$40k - $60k"
1277,"Masters",3,"Others","Woman","Canada","$60k - $80k"
1278,"Masters",15,"Economics","Woman","USA","$200k+"
1279,"Bachelors",15,"Others","Woman","USA","$40k - $60k"
1280,"Masters",2,"Others","Woman","USA","$40k - $60k"
1281,"Masters",0,"Others","Woman","Germany","Less than $20,000"
1282,"Masters",1,"Others","Woman","USA","Less than $20,000"
1283,"Bachelors",3,"Others","Woman","Others","Less than $20,000"
1284,"Masters",2,"Others","Woman","Australia","$80k - $100k"
1285,"Bachelors",1,"Others","Woman","USA","$40k - $60k"
1286,"Bachelors",1,"Others","Woman","Italy","Less than $20,000"
1287,"Bachelors",1,"Others","Woman","Others","Less than $20,000"
1288,"Masters",2,"Others","Woman","Mexico","Less than $20,000"
1289,"PhD",4,"Others","Woman","Others","$40k - $60k"
1290,"Bachelors",2,"Others","Woman","Others","Less than $20,000"
1291,"PhD",10,"Others","Woman","Others","$20k - $40k"
1292,"Bachelors",3,"Others","Woman","Others","$40k - $60k"
1293,"Masters",4,"Others","Woman","Others","$80k - $100k"
1294,"Masters",5,"Others","Woman","Others","$200k+"
1295,"PhD",0,"Others","Woman","USA","$20k - $40k"
1296,"Bachelors",10,"Others","Woman","USA","$120k - $140k"
1297,"Masters",3,"Others","Woman","USA","Less than $20,000"
1298,"PhD",5,"Others","Woman","USA","$160k - $180k"
1299,"PhD",25,"Others","Woman","USA","$200k+"
1300,"Masters",3,"Others","Woman","USA","$80k - $100k"
1301,"PhD",1,"Others","Woman","Others","$80k - $100k"
1302,"PhD",3,"Biology","Woman","Canada","$60k - $80k"
1303,"Masters",4,"Others","Woman","USA","$100k - $120k"
1304,"Others",11,"Others","Woman","USA","$120k - $140k"
1305,"Bachelors",2,"Advertising","Woman","USA","$100k - $120k"
1306,"Bachelors",7,"Others","Woman","USA","$140k - $160k"
1307,"Bachelors",12,"Others","Woman","USA","$120k - $140k"
1308,"PhD",7,"Others","Woman","USA","$20k - $40k"
1309,"Others",0,"Others","Woman","USA","Less than $20,000"
1310,"Masters",3,"Others","Woman","USA","$60k - $80k"
1311,"Masters",5,"Others","Woman","USA","$100k - $120k"
1312,"Others",3,"Others","Woman","Spain","$20k - $40k"
1313,"Others",7,"Others","Woman","USA","$100k - $120k"
1314,"Masters",0,"Engineering","Woman","USA","Others"
1315,"Masters",4,"Engineering","Woman","United Kingdom","Others"
1316,"Others",0,"Others","Woman","Others","$20k - $40k"
1317,"Bachelors",0.5,"Others","Woman","USA","$40k - $60k"
1318,"Masters",11,"Others","Woman","Germany","$100k - $120k"
1319,"Masters",2,"Others","Woman","USA","Others"
1320,"Bachelors",2,"Others","Woman","Canada","Less than $20,000"
1321,"PhD",0,"Others","Woman","Others","$140k - $160k"
1322,"Others",8,"Others","Woman","Others","$140k - $160k"
1323,"Masters",4,"Others","Woman","USA","Others"
1324,"Masters",0,"Others","Woman","Others","Less than $20,000"
1325,"Others",9,"Others","Woman","USA","$80k - $100k"
1326,"Masters",2,"Others","Woman","USA","$40k - $60k"
1327,"Masters",2,"Others","Woman","USA","$80k - $100k"
1328,"Bachelors",5,"English","Woman","USA","$160k - $180k"
1329,"Masters",0,"Others","Woman","Others","$40k - $60k"
1330,"Masters",8,"Others","Others","Canada","$80k - $100k"
1331,"Masters",2,"Others","Others","Others","Others"
1332,"Masters",3,"Others","Prefer not to say","USA","$80k - $100k"
1333,"Bachelors",0,"Others","Others","Others","$140k - $160k"
1334,"Others",0,"Others","Others","Others","Less than $20,000"
1335,"Masters",7,"Others","Others","USA","$60k - $80k"
1336,"Others",0,"Others","Others","Others","$80k - $100k"
1337,"Others",0,"Others","Others","Others","$40k - $60k"
1338,"Others",0,"Others","Others","Others","$100k - $120k"
1339,"Others",0,"Others","Others","Others","$140k - $160k"
1340,"Bachelors",2,"Others","Others","Others","$60k - $80k"
1341,"PhD",10,"Others","Others","USA","Others"
1342,"Bachelors",10,"Others","Others","USA","$140k - $160k"
1343,"Masters",12,"Others","Others","Argentina","Less than $20,000"
1344,"Bachelors",0,"Others","Others","Others","$200k+"
1345,"PhD",1,"Others","Others","Brazil","Less than $20,000"
1346,"Others",0,"Others","Others","Others","$80k - $100k"
1347,"Others",0,"Others","Others","Others","Others"
1348,"Others",0,"Others","Others","Others","$80k - $100k"
1349,"Masters",0,"Mathematics","Others","Others","$20k - $40k"
1350,"Others",0,"Others","Others","Others","$40k - $60k"
1351,"Masters",0,"Others","Others","USA","Others"
1352,"Others",0,"Others","Others","Others","$200k+"
1353,"Others",0,"Others","Others","Others","$80k - $100k"
1354,"Masters",7,"Others","Others","Others","$60k - $80k"
1355,"PhD",2,"Others","Others","Mexico","$60k - $80k"
1356,"PhD",8,"Others","Others","Others","$40k - $60k"
1357,"Masters",4,"Others","Others","USA","$60k - $80k"
1358,"Bachelors",5,"Others","Others","Others","Others"
1359,"Others",0,"Others","Others","Others","$20k - $40k"
